UP4Y1Nqwny	https://pikaso.cdnpk.net/private/production/5175299341/upload.png?token=exp=1787184000~hmac=d8799475eb54010f24b8124115edb98bc5c11ded82b60a9f34e99bec458204f5
XmhKFYwBfo	https://pikaso.cdnpk.net/private/production/5175034624/upload.png?token=exp=1787184000~hmac=6f5deeb8ea2d371114af3413d247c3daf95a7a55a9417eff9c1a202fe714e3a9
0edEdYxTfW	https://pikaso.cdnpk.net/private/production/5174978150/upload.png?token=exp=1787184000~hmac=caec7d9a738ee7b601d7e33a167e0776df162a5d868f17d7bccf982c2ca97c05
MBBAl3zDCm	https://pikaso.cdnpk.net/private/production/5162690965/render.png?token=exp=1787184000~hmac=2fcc4035429f42aee3ee8c2aabbf88b2024770c342e30ac74a410b08cbc9d49b
fHHX3T7CDY	https://pikaso.cdnpk.net/private/production/5162690609/render.png?token=exp=1787184000~hmac=957cf6c74f0715f94725c917880903357c799db3f105b0a00d750a2cf064d077
jUUFDtQLD0	https://pikaso.cdnpk.net/private/production/5162690250/render.png?token=exp=1787184000~hmac=585e8d4ee5b8cd99b9f2a0db62a791a2ace0f67bde71f19ef03cd37267c1d8fb
LwwHp8HswO	https://pikaso.cdnpk.net/private/production/5162689889/render.png?token=exp=1787184000~hmac=011ed6629a144e58dd2ef454921bc1fe19d97011b36ccebe205ae020482144db
jUUFDdHLD0	https://pikaso.cdnpk.net/private/production/5162689548/render.png?token=exp=1787184000~hmac=a6d848c2dddddd1f9bfb605c54e287ec1bdc69c25aca3847c9258d84f50e7809
rgguVTHxtc	https://pikaso.cdnpk.net/private/production/5162689118/render.png?token=exp=1787184000~hmac=c7574198d5aa32f4bc2e961137cd7d54a3a40481dc2c3c66a2e9ff152f3c2136
bxxvYGO5Y2	https://pikaso.cdnpk.net/private/production/5162688777/render.png?token=exp=1787184000~hmac=37f66b0eb68a5b6099c5170a4ec3cb7435882cb5281cd63003a84b29b13dd606
SyyKBM3Ub8	https://pikaso.cdnpk.net/private/production/5162688441/render.png?token=exp=1787184000~hmac=9b13cecfe95e14d1c7aa6d845af3f54bace17cc159e841e2453ebf45eb1978c2
MBBAl5jDCm	https://pikaso.cdnpk.net/private/production/5162688097/render.png?token=exp=1787184000~hmac=376daff7bb9af156b5baba8f610d59d92be0d6357c42db992af12172c67fe719
TddZLQ5VNR	https://pikaso.cdnpk.net/private/production/5162687781/render.png?token=exp=1787184000~hmac=8c785e479b0779133fc550e782e543cde85beeea80167fd145218ad901fb94e9
6AAUED6iJO	https://pikaso.cdnpk.net/private/production/5162687461/render.png?token=exp=1787184000~hmac=09f016859a879f902ace476f0ccd763e8140cc9fac424448f30edc29425a0648
799rIGBJAL	https://pikaso.cdnpk.net/private/production/5162687046/render.png?token=exp=1787184000~hmac=85b78b2a14b5c78e5bbcb64d116bb58edd62f39ac66d378510a8d591f4d963fd
UPPko3Cwny	https://pikaso.cdnpk.net/private/production/5162686694/render.png?token=exp=1787184000~hmac=7d75d907d5400d56f5aa76c44af313834bc2d680eea5193383249c93f34070bf
9ZZltRxNYZ	https://pikaso.cdnpk.net/private/production/5162215249/render.png?token=exp=1787184000~hmac=d658b3f8476290fd7aabbcce6b9803d2a9b43f46eb156d7cbe203fec5c767e95
P33L8NY42C	https://pikaso.cdnpk.net/private/production/5162214927/render.png?token=exp=1787184000~hmac=c00c9e0916722674025a52d472440b25f8461fd1e681a21f3d8ecf685c2d662d
rggEn1nxtc	https://pikaso.cdnpk.net/private/production/5162214625/render.png?token=exp=1787184000~hmac=23a1a5fc5eaff8be99c20970dc0e5bda31c14d732da8b0dc08d5306041a78a5a
eIIzjVedqL	https://pikaso.cdnpk.net/private/production/5162214301/render.png?token=exp=1787184000~hmac=592e1178d94948fc7e77b5407ae99a32a85671726447739cc331bc12972ea7a7
vQQpOola47	https://pikaso.cdnpk.net/private/production/5162213956/render.png?token=exp=1787184000~hmac=bea562ecb148abbe62b4635d7a9e13d938da7c26e753f5b7108cff9651c0899b
u55oNIeQLD	https://pikaso.cdnpk.net/private/production/5162213651/render.png?token=exp=1787184000~hmac=8b9d6172b18ebf88ee5194011b43dd84a41748c44069d76a269f9379f902c1a5
xSSuYEEjfW	https://pikaso.cdnpk.net/private/production/5162213357/render.png?token=exp=1787184000~hmac=6d92c1550f3289a9e190fe0bf581614641b119e8e24acb63f20f3e7ab43d0ddf
lJJqTQagv9	https://pikaso.cdnpk.net/private/production/5162213112/render.png?token=exp=1787184000~hmac=76ef2aa13faa800e71581efd17c8b37b9e1134c38878120c2a9083d534f129d4
XmmYs2ABfo	https://pikaso.cdnpk.net/private/production/5162212841/render.png?token=exp=1787184000~hmac=4c3fcee8df0699c4df12be519073b44b763250abeea876b21a86569763d27011
9ZZlIkoNYZ	https://pikaso.cdnpk.net/private/production/5162212600/render.png?token=exp=1787184000~hmac=c5df9ff2e0e38e595e9e750ceeec4da2325af88b7ed1c242be9c6614535d9500
fHHdPWOCDY	https://pikaso.cdnpk.net/private/production/5162212344/render.png?token=exp=1787184000~hmac=61ce2f137b5fa9f3578c80c49889b0c212150254d58947eb17307b6c104cc636
1llCzX4r4r	https://pikaso.cdnpk.net/private/production/5162212078/render.png?token=exp=1787184000~hmac=0dff4274844c398c5a87ec885b6414f91d240e38b364226a419d154548e5c7c3
aFFeyAQfSh	https://pikaso.cdnpk.net/private/production/5162211757/render.png?token=exp=1787184000~hmac=d70c6a796f80d0bca6eb173603beb87b579b0cedb35ba7c37bdd12c118c6da3c
w44kptb7EI	https://pikaso.cdnpk.net/private/production/5162211499/render.png?token=exp=1787184000~hmac=27bafb897588d3df8c71fd5f4f8af37bb84b0476bc84e3422c46ece04dd2fec2
Syy5TYNUb8	https://pikaso.cdnpk.net/private/production/5162195712/render.png?token=exp=1787184000~hmac=43df6be9725b0d9dc4e8bbf075f5101a11efdbff62c10ecd3ce690b52abb59b7
ovvcsk4829	https://pikaso.cdnpk.net/private/production/5162195395/render.png?token=exp=1787184000~hmac=4773d902f8c00fb51484a48afbfc5498b3dbecf40d4bf88f39b46c89b4c9f18c
7991DnfJAL	https://pikaso.cdnpk.net/private/production/5162195090/render.png?token=exp=1787184000~hmac=64898751f3a2389973d5bf7b2686ecd9f63f10082e9fccd93e30c060594365bb
xSSuz4QjfW	https://pikaso.cdnpk.net/private/production/5162194816/render.png?token=exp=1787184000~hmac=7f32e12f781d7e6611139d08cb3acb490f016caee4359edb2a688a5c163baf73
rggEGOZxtc	https://pikaso.cdnpk.net/private/production/5162194507/render.png?token=exp=1787184000~hmac=925f38acadb4e776b67612e712e6d29bda338604aef875cea83d343b80de62ac
Syy5TN7Ub8	https://pikaso.cdnpk.net/private/production/5162194212/render.png?token=exp=1787184000~hmac=01623b6537e12f9077454de0a167292b07cdbaacb430b705d241e30c1d4af8aa
N22g8Ag6D9	https://pikaso.cdnpk.net/private/production/5162193932/render.png?token=exp=1787184000~hmac=84d693583ee1b189536552265133b3620a6f4edf832b2746ade49326ab26e471
iGGUtAf3uK	https://pikaso.cdnpk.net/private/production/5162193630/render.png?token=exp=1787184000~hmac=2e970dc9ec8273f96353f0140342b21badc01b721ec01d38090490ae498900af
TddRbDvVNR	https://pikaso.cdnpk.net/private/production/5162193322/render.png?token=exp=1787184000~hmac=b757b42143a2ee7df9dc93afa976149e2553b92cd2f7062c912e5431d7526bda
VXXZbTRMMU	https://pikaso.cdnpk.net/private/production/5162193012/render.png?token=exp=1787184000~hmac=6946553b7d16b1c50fdd4b5b16220c3d9bb0fdaf01b969ff6c8cdcbebe8dcb2c
kssfZbS16B	https://pikaso.cdnpk.net/private/production/5162192667/render.png?token=exp=1787184000~hmac=01ebc55521e69e84a02e490d1817e137d53588a8bd50fe87dbdc7ccb4893ca2c
mEEMSXlhJQ	https://pikaso.cdnpk.net/private/production/5162192355/render.png?token=exp=1787184000~hmac=2f161523f4a2044f83ae21562d319cb330378b615cdb7c490c3797587d1ab816
N22gXeZ6D9	https://pikaso.cdnpk.net/private/production/5162173611/render.png?token=exp=1787184000~hmac=ae680ae3034bbef720449ad9289cca62523cdb962e73667015dfbe91aee345fb
u55oOSgQLD	https://pikaso.cdnpk.net/private/production/5162173328/render.png?token=exp=1787184000~hmac=0014333f703590eba60e52630fa4a49a82f66ce3ac64725e32c042d3334888e0
gOObY3tSXO	https://pikaso.cdnpk.net/private/production/5162173031/render.png?token=exp=1787184000~hmac=129a93e57f1aa55a173dc7410c4f4470813548f59fedf670eb70860f061088f8
cppiu8p0eP	https://pikaso.cdnpk.net/private/production/5162172789/render.png?token=exp=1787184000~hmac=0d7aaa2d34fe9902335e4983e40acd1f6b4b410813357d38c52aa0f49d6e462f
ovvcxCU829	https://pikaso.cdnpk.net/private/production/5162172506/render.png?token=exp=1787184000~hmac=8e7f6ca0e70376405e3205ecc4b9bdf5f91a2ce33a9edb7623bc7dd52fba9e33
WDD6EDicXe	https://pikaso.cdnpk.net/private/production/5162172127/render.png?token=exp=1787184000~hmac=e96df8d6850ff98533ca11cc7a9c52407800ff2d4934bf7ad8603ae04ed70369
mEEMlfNhJQ	https://pikaso.cdnpk.net/private/production/5162171851/render.png?token=exp=1787184000~hmac=6e6f191741ae9da98b6db75de06ff03e533804ac9d573c9b1ab7ecd1f50254ce
dttnKdCXSL	https://pikaso.cdnpk.net/private/production/5162171504/render.png?token=exp=1787184000~hmac=532a9a6c02992893d93788ccadff49c5dc7ad46625ec63195cec65479f7e2818
dttnKpaXSL	https://pikaso.cdnpk.net/private/production/5162171213/render.png?token=exp=1787184000~hmac=a252d573b4de0fc2a4255c64918316d3fcb1c0fca5d934872b5b2420a34b70e9
6AASXySiJO	https://pikaso.cdnpk.net/private/production/5162170939/render.png?token=exp=1787184000~hmac=eae87651de42ed50ea97025622bfa45d393c46671f65f4933c9f554283a4213b
1llC3Fpr4r	https://pikaso.cdnpk.net/private/production/5162170639/render.png?token=exp=1787184000~hmac=2eacdc9abe38166c5d6539ca4edb657968f8c5f4b41dd51bd4d7277283861b60
rggERQGxtc	https://pikaso.cdnpk.net/private/production/5162170351/render.png?token=exp=1787184000~hmac=15ad9258d5397a3303a86ac5ff4f31a70deb5544c3ece6eed3da17157136db8f
9ZZlesQNYZ	https://pikaso.cdnpk.net/private/production/5162170005/render.png?token=exp=1787184000~hmac=31bc857bf87701caa4a5bc6900f1dbb27a3aaa71a2bcc704df0740bc1f9d8b30
cppiE9J0eP	https://pikaso.cdnpk.net/private/production/5162169760/render.png?token=exp=1787184000~hmac=a570fe8e58a3eee1b9c11ee7fee54fee55397b6db747d3c0449531394af0bdfb
gOObnu4SXO	https://pikaso.cdnpk.net/private/production/5162169470/render.png?token=exp=1787184000~hmac=a1b6a7caf2e6def87ca6de5fe3387a45396e6c6084927a71597bc223a5ae816f
kssfiof16B	https://pikaso.cdnpk.net/private/production/5162169177/render.png?token=exp=1787184000~hmac=26b82bf3ceef5ef50b341d1570811c2169095287fdddcd7f0672260096268118
3zzwo1eREY	https://pikaso.cdnpk.net/private/production/5162168918/render.png?token=exp=1787184000~hmac=2cd35ed54555527d16067bd912843aabfd2f1423a46c847002c3982dfbd75def
vQQpgAqa47	https://pikaso.cdnpk.net/private/production/5162168586/render.png?token=exp=1787184000~hmac=480d05697a800c79dd55e37f01ad3dc7c653bb4f0c17fd8725bc149ffa1b4e81
VXXZFS1MMU	https://pikaso.cdnpk.net/private/production/5162168307/render.png?token=exp=1787184000~hmac=9df510126458c06b170d06eefd3eaafffd84c7b5524fb4806d773c9830860be5
s77HGeol8e	https://pikaso.cdnpk.net/private/production/5162167998/render.png?token=exp=1787184000~hmac=406abd7f77da02ddcb313271909340c3d668c601089af15ae4f5e9c96f216fa2
yiijMtZPW9	https://pikaso.cdnpk.net/private/production/5162167711/render.png?token=exp=1787184000~hmac=fae6b7dbbb811e62157003853b8fd59aab433a853105df63f3380e7b2b5a66e8
mEEMsJ8hJQ	https://pikaso.cdnpk.net/private/production/5162167411/render.png?token=exp=1787184000~hmac=309db31d14f93ed1183c3da4a330870e576173b922c29e8827832daf1f214ed1
kssfiAX16B	https://pikaso.cdnpk.net/private/production/5162167188/render.png?token=exp=1787184000~hmac=9e53449a7ca819fcd33eac395c1ec57c93fa5f200b396d2eb2de091b0b95a0bf
LwwFAzCswO	https://pikaso.cdnpk.net/private/production/5162166829/render.png?token=exp=1787184000~hmac=1b17efb175ccf6364498e65d98d8c23dfbc55dc65fd4fcb3aa4bec655dafabfd
Syy5YYRUb8	https://pikaso.cdnpk.net/private/production/5162166491/render.png?token=exp=1787184000~hmac=40249a01f17a8b721bae244b93b8b277eb2157cb778b44a4206d26fe19d08399
rggER6uxtc	https://pikaso.cdnpk.net/private/production/5162166122/render.png?token=exp=1787184000~hmac=4adfb48bdcbe164bb18edda5150fe8dfb783e249aa9634e240fc935a36781a8d
Syy5Y29Ub8	https://pikaso.cdnpk.net/private/production/5162165779/render.png?token=exp=1787184000~hmac=ca7b1389a9d965990e6634f90d97728f704b1a5b555580d82b9225a1a87f0265
bxxh9Ug5Y2	https://pikaso.cdnpk.net/private/production/5162165478/render.png?token=exp=1787184000~hmac=468919dcfeac64be9edb29bfeb7b39251a0564e0be867b711325ceb0c78c9d26
kssfiwN16B	https://pikaso.cdnpk.net/private/production/5162165164/render.png?token=exp=1787184000~hmac=447e82a4b7f1fe091079189958bccdafd1f20d0221a1d213a2d276e2698ee453
799106tJAL	https://pikaso.cdnpk.net/private/production/5162164846/render.png?token=exp=1787184000~hmac=e2c0524bb3608d987e2419cf6fa6b1e30f22c02be08e6f0326f82d50ac59e9e1
s77HG7Pl8e	https://pikaso.cdnpk.net/private/production/5162164568/render.png?token=exp=1787184000~hmac=0c45948f3e5f808346bebd7559d46e98d9e291d4d1b34af19d8c9a43cfd7c83e
1llC3jhr4r	https://pikaso.cdnpk.net/private/production/5162164198/render.png?token=exp=1787184000~hmac=ab9b7bf2cedeca194dde7c93b5824348ba22f3dba2a44a34591878587f3db7f6
p88GqpUehw	https://pikaso.cdnpk.net/private/production/5162163898/render.png?token=exp=1787184000~hmac=67417bbc582f395a10311d68429478b92f9b566f73e9edfeb039f191f3a0f8af
Syy5nskUb8	https://pikaso.cdnpk.net/private/production/5162163633/render.png?token=exp=1787184000~hmac=ca40699a9d5caaa5f54e7a8268656c308d0d1f156b5944b9d8bced22dfc252c5
aFFegINfSh	https://pikaso.cdnpk.net/private/production/5162163312/render.png?token=exp=1787184000~hmac=caffa5be0e374b494129b5ee6fc3436875a2309f965ab9f3bc944f5e8e99c5d4
0ee3E24TfW	https://pikaso.cdnpk.net/private/production/5162162944/render.png?token=exp=1787184000~hmac=05141ff16d1ac3a6eba2e7fd92f3cb1f17fccd42527943e2c98b8894700d45af
s77HAHAl8e	https://pikaso.cdnpk.net/private/production/5162162562/render.png?token=exp=1787184000~hmac=551acdaa13374f863185efffc58e2175fc51a3a5f49d78169c86fcfa38eee7e3
bxxh4I85Y2	https://pikaso.cdnpk.net/private/production/5162162215/render.png?token=exp=1787184000~hmac=92a578af5db28e49d68d27038fc33b6a0bcd6e12a4147aea86b435b7223965cc
nVV9v7yYQD	https://pikaso.cdnpk.net/private/production/5162161730/render.png?token=exp=1787184000~hmac=3e3725957f3c1c6f586fea21c60fcb710052b2b219fa3e4a9cff8958e33feddf
xSSuRICjfW	https://pikaso.cdnpk.net/private/production/5162161321/render.png?token=exp=1787184000~hmac=c3facd66a34e24f05cdbe19acaf4714c19a75c66464661655844303e9c11c962
dttnQcaXSL	https://pikaso.cdnpk.net/private/production/5162125021/render.png?token=exp=1787184000~hmac=275e4d6ed1d69a291fd533c41168e81d9e6258ec99ba8ca663a2577b6160d9aa
0ee3h3NTfW	https://pikaso.cdnpk.net/private/production/5162124739/render.png?token=exp=1787184000~hmac=449aa9611e9b35a352e596b8db02b40ec1b92e7d1f153317ce36a3b32428ce8a
Syy5ZqKUb8	https://pikaso.cdnpk.net/private/production/5162124462/render.png?token=exp=1787184000~hmac=0d4ebff26355c93353ebfd13d0bf9c59b41fc5bd0698cd2e9d0f92a6647bfbe3
P33LW1242C	https://pikaso.cdnpk.net/private/production/5162124089/render.png?token=exp=1787184000~hmac=d95c9ce7d0b90fd77e0e67e61e7a44c33d6adc03531e0a782ab886f34322c7fb
7991GFAJAL	https://pikaso.cdnpk.net/private/production/5162123809/render.png?token=exp=1787184000~hmac=a1b3aeb29a98b145fa10cf9c80a151f75c57ba6bc15acce19349fe2132668135
JNNrzu6Oq4	https://pikaso.cdnpk.net/private/production/5162123412/render.png?token=exp=1787184000~hmac=1266910cb3e96f01884d16fc9dbf69deceb06b0f3d53faee2a48a2c4ec2c21db
3zzwD5BREY	https://pikaso.cdnpk.net/private/production/5162123046/render.png?token=exp=1787184000~hmac=b20a03562c9675ca628c9666ededb37887bea347e0b9a70e22c422d96beb69c8
s77HiXfl8e	https://pikaso.cdnpk.net/private/production/5162122748/render.png?token=exp=1787184000~hmac=15085519d474fab140584b4aed1c5558b5e3b7756062faf564eb635d5b59f996
u55olRnQLD	https://pikaso.cdnpk.net/private/production/5162122186/render.png?token=exp=1787184000~hmac=d86a60c4778b5bd9d7bcd552e245cd22583c62a0d16331e1b3d9f84eeb0977c2
s77HiT8l8e	https://pikaso.cdnpk.net/private/production/5162121904/render.png?token=exp=1787184000~hmac=6ec8eb93e99c8f7b802e60445a468c10ee0dd895f3a53084fb183c048eb8f03b
3zzwDhYREY	https://pikaso.cdnpk.net/private/production/5162121597/render.png?token=exp=1787184000~hmac=e1890625b3acd22fe4728435ef7eb7bddbb335682087e2f5a3cd47fdf32ff57e
TddRvH4VNR	https://pikaso.cdnpk.net/private/production/5162121319/render.png?token=exp=1787184000~hmac=2d1f6f0d105bc9d2c82403b982914222bfc7e9715d7ea231fe62c229fe88149c
1llCP3Ur4r	https://pikaso.cdnpk.net/private/production/5162121004/render.png?token=exp=1787184000~hmac=53f9c6e2649b8cf773c0f423a0085d3b29f7ef9f18980dd892b0e87039ba1a3e
YMMNIhaWeC	https://pikaso.cdnpk.net/private/production/5162120662/render.png?token=exp=1787184000~hmac=22c44d1d846c7d073fb47ae97c5a8dff46ad01383aef2a109bb2ba2fc1fc03d5
UPPK22Uwny	https://pikaso.cdnpk.net/private/production/5162120403/render.png?token=exp=1787184000~hmac=077d5a7109235ab9c04063b94e8b23b8dc4faf1f9231b453b7212a6055aa4a2f
aFFex1BfSh	https://pikaso.cdnpk.net/private/production/5162120118/render.png?token=exp=1787184000~hmac=2d30effb545306765fa48457e76d212c1f1027468813c535eaf6e4caa0a0209d
8aa0HgoIrU	https://pikaso.cdnpk.net/private/production/5162106985/render.png?token=exp=1787184000~hmac=bec23657229d6877071a58790234dfc8ea439d474c440b1bfbaf152281e5e6ee
6AAS08tiJO	https://pikaso.cdnpk.net/private/production/5162106693/render.png?token=exp=1787184000~hmac=68b75f3a06bc0326d4ca1b777f515b1e27160b68dce6c321d5dfa197f2b6119f
MBB2vH6DCm	https://pikaso.cdnpk.net/private/production/5162106397/render.png?token=exp=1787184000~hmac=85851ba702c18e4117f041c52d66a65586577f5d7c6555192c9d8f023bd2c865
ovvcFKz829	https://pikaso.cdnpk.net/private/production/5162106058/render.png?token=exp=1787184000~hmac=0d4f706ea26622f274d7b1277ee909c228d225cfc59226d82ac01c8367b91d21
rggEy9dxtc	https://pikaso.cdnpk.net/private/production/5162105766/render.png?token=exp=1787184000~hmac=ab6d1082cc56e881544ae55733fd28c8edde39f984f5fdf6a1c4bfb8abdac7e7
O66xGzXynm	https://pikaso.cdnpk.net/private/production/5162105463/render.png?token=exp=1787184000~hmac=772dac1d41abf667c57483067ca704f40e9ee6eaa6b2a3b24019b3e2b2f60df3
4RRsYzw9Aa	https://pikaso.cdnpk.net/private/production/5162105132/render.png?token=exp=1787184000~hmac=99bf6cbd510490ae2703cbf34cb40b2d36661a226ac2a345694eccfc7addb474
XmmYuaxBfo	https://pikaso.cdnpk.net/private/production/5162104855/render.png?token=exp=1787184000~hmac=6243e702b0160047b06cbd87ec9c7f86bb58973495d78f3631346dfa42136987
gOObiOmSXO	https://pikaso.cdnpk.net/private/production/5162104546/render.png?token=exp=1787184000~hmac=fc665717126d4ac7a3ae1e1180ff4b2ad6fe9379faa9af9b5faa767cd796b8fe
kssfJjG16B	https://pikaso.cdnpk.net/private/production/5162104256/render.png?token=exp=1787184000~hmac=47e5c843d5c04f24f359ffd245bff4418dd00b5ac000b0e9cddadfcc75d7b26d
jUUQyM7LD0	https://pikaso.cdnpk.net/private/production/5162093036/render.png?token=exp=1787184000~hmac=61a088e0a3fff37a4a16e04caefb14a49534ff4a0f0e25ffa9b8a2f84cb536e2
3zzw0fDREY	https://pikaso.cdnpk.net/private/production/5162092733/render.png?token=exp=1787184000~hmac=b22cdc6c720938e9e725c9a2c058cabc2b4c88146fa1d69b991cf6a9df18fc42
gOObN0sSXO	https://pikaso.cdnpk.net/private/production/5162092383/render.png?token=exp=1787184000~hmac=1ed3d0a607c569a2ce0ccefe442169864664fb861d7252fa3e20d515df3d6e9d
UPPKi03wny	https://pikaso.cdnpk.net/private/production/5162092107/render.png?token=exp=1787184000~hmac=cab3bad0bef69e1a0787b3e73f76ceb19f6940b8c896a97a35363fc3c364179b
ovvcu1c829	https://pikaso.cdnpk.net/private/production/5162091806/render.png?token=exp=1787184000~hmac=3c42b5c1e146f55f054ca14c56366f52c40714d67f95577d431e6d56ca783336
UPPKiz4wny	https://pikaso.cdnpk.net/private/production/5162091500/render.png?token=exp=1787184000~hmac=edcf6be7860c31785d2177b1254cdb113ce1ae6cccf7cad5e40c857e87898f3f
VXXZtfEMMU	https://pikaso.cdnpk.net/private/production/5162091233/render.png?token=exp=1787184000~hmac=7a11a69e0ad57b69c5d0b2fdf10b6bf89da7f582088689ddfaaa26ec9d0c515e
gOObNiFSXO	https://pikaso.cdnpk.net/private/production/5162090953/render.png?token=exp=1787184000~hmac=962378bdba73b49e52d7a03a4a3e3e6a16a376032c60317ed5e3a071d2712167
aFFebIYfSh	https://pikaso.cdnpk.net/private/production/5162081899/render.png?token=exp=1787184000~hmac=0158819e24ef67cc07f07b039a8cfc4df1ca04261a28a287a6dc74a44643bb75
mEEMFdihJQ	https://pikaso.cdnpk.net/private/production/5162081607/render.png?token=exp=1787184000~hmac=8231810f5309bff4ff0499f38e1ffb9e85de4c466173bd126e0ab35115f03182
UPPKNkEwny	https://pikaso.cdnpk.net/private/production/5162081288/render.png?token=exp=1787184000~hmac=1372cf09b5afcf46763fddaa328e3defb3428325abc1e1c4d2b4bcc8499118ed
UPPKNbawny	https://pikaso.cdnpk.net/private/production/5162080970/render.png?token=exp=1787184000~hmac=20cee0a91443762fd046213ba12fad35d873be84bb2d46546d12ea70de370c80
BhhWfAzoQR	https://pikaso.cdnpk.net/private/production/5162080709/render.png?token=exp=1787184000~hmac=ab04df3217f7e7719ca2af31ab962ecf712b84047807f15601fed93960c9e3dd
3zzwWxEREY	https://pikaso.cdnpk.net/private/production/5162080353/render.png?token=exp=1787184000~hmac=9a8eddf559aeb5ab865be29e2dccdffc38b7248cfd1212df8ff6790db27fb9be
P33L2H242C	https://pikaso.cdnpk.net/private/production/5162080055/render.png?token=exp=1787184000~hmac=2c10e3c663b9f98598c9d79c938f80d6587747805425474e647f366c2f93788f
3zzwW5hREY	https://pikaso.cdnpk.net/private/production/5162079763/render.png?token=exp=1787184000~hmac=6f5ddf39b6b9c8193f08caa59b011b5ecebdf71acc80160e2b51d851a22d967e
kssdOic16B	https://pikaso.cdnpk.net/private/production/5157209776/render.png?token=exp=1787184000~hmac=053ce2a622cbc796116989d6cee0faf684402b7c6a0716926c66579686f0338c
8aa3qF4IrU	https://pikaso.cdnpk.net/private/production/5157208742/render.png?token=exp=1787184000~hmac=374662a62f415e64572b0a203b80503909c3f7a83ba663c90b91d1299f61e781
VXXJveGMMU	https://pikaso.cdnpk.net/private/production/5157207712/render.png?token=exp=1787184000~hmac=ef828f725574928dea147f74ce298d56b73543e61cff66d772632e6ad66f4fd0
Syyvi1qUb8	https://pikaso.cdnpk.net/private/production/5157199286/render.png?token=exp=1787184000~hmac=fa8b4fb27dfa0d0af97b39e92168d4b5c6ba2940569e24963ffa29d998d10f49
5jjpUBfKxe	https://pikaso.cdnpk.net/private/production/5157198199/render.png?token=exp=1787184000~hmac=29666fe8d6bcee21b1c64603e0416b6b97bb16b42f905d797385e2a826b27555
s77t9oSl8e	https://pikaso.cdnpk.net/private/production/5157197259/render.png?token=exp=1787184000~hmac=2ff6a35dd5e43154b44bfcc633b4e6863f7a39ea462f340ac27ad1685a38a6ba
xSSosdEjfW	https://pikaso.cdnpk.net/private/production/5157133113/render.png?token=exp=1787184000~hmac=75be657b6f2736abb8cc5682a216206bf61a9717e3be1085ccfc229cb1d21c51
eII4BrNdqL	https://pikaso.cdnpk.net/private/production/5157131730/render.png?token=exp=1787184000~hmac=d9d0b0cbc93b7df2febc1f3963def710ef6893a9785a6af281a9621e4bea3deb
xSSos60jfW	https://pikaso.cdnpk.net/private/production/5157130776/render.png?token=exp=1787184000~hmac=88e15ef8b2b222bcefc1c69af21de30090b5df4ca1f9c696fd0487981c4a1f7e
799CyiuJAL	https://pikaso.cdnpk.net/private/production/5157129794/render.png?token=exp=1787184000~hmac=b341c62259c998bdd144e3be1fd7cb850cf691fffc79466bf214d60d3900942d
4RRHNy59Aa	https://pikaso.cdnpk.net/private/production/5157128573/render.png?token=exp=1787184000~hmac=9a9523f69c20e84ffb25044e8a2224c0789fef7fec7862fa47fb77f35c7a97eb
XmmNoWtBfo	https://pikaso.cdnpk.net/private/production/5157127487/render.png?token=exp=1787184000~hmac=436f25545d2e0e6d521663982545c731a047c61ad1c3a0bd52c762db628a9a64
1lldKpWr4r	https://pikaso.cdnpk.net/private/production/5157104066/render.png?token=exp=1787184000~hmac=1e73131771b13ddd44a1737992effe3a9f25cc27e8b2a04b6c9f27a867ae034a
9ZZHPhtNYZ	https://pikaso.cdnpk.net/private/production/5157103022/render.png?token=exp=1787184000~hmac=bd5b6b9ae3af4f6bcc7e9b6f955624e177ad408386ea1206efc6a472b968cbe0
SyyhlYpUb8	https://pikaso.cdnpk.net/private/production/5157101964/render.png?token=exp=1787184000~hmac=ee9553b5c06d5690c2a46c95351136609a90fa68a40afff1bf227ea7a83a3744
8aaipNKIrU	https://pikaso.cdnpk.net/private/production/5157075428/render.png?token=exp=1787184000~hmac=efec14fbbd2d7d2e7900eeb1b67310dac7368adfd5928b92c49de20bff81c4d5
YMMlZqlWeC	https://pikaso.cdnpk.net/private/production/5157074400/render.png?token=exp=1787184000~hmac=9fe0fedef1fab79629b75162261283a537a91f1c7e3bb4fd0a7f21c0e88f5f18
UPPvjYZwny	https://pikaso.cdnpk.net/private/production/5157073348/render.png?token=exp=1787184000~hmac=0aea62ceb4244dd1c834345d8faaa1972f443f823f16a572bade076a76ebd1bd
aFFsXXwfSh	https://pikaso.cdnpk.net/private/production/5147875156/render.png?token=exp=1787184000~hmac=02163c002c44959f0ce793c49d5aa8f6d0cf3fdaf65fa40888125f4a07222928
vQQLdT1a47	https://pikaso.cdnpk.net/private/production/5147874392/render.png?token=exp=1787184000~hmac=7b43058170f8b7331cb6d7c620878fdc16168b98cd4fb37e420d93ac9c107e0a
LwwRqIjswO	https://pikaso.cdnpk.net/private/production/5147873677/render.png?token=exp=1787184000~hmac=265da373745de59e1b62f8c87b98b9774e6933230aba3893a4d088b5c82ebb10
LwwRqe5swO	https://pikaso.cdnpk.net/private/production/5147872908/render.png?token=exp=1787184000~hmac=b51fd4e6aebc0d6273798cc07237d8cc50bc145b6dff7ea8398806ed38dcff10
YMMmrUiWeC	https://pikaso.cdnpk.net/private/production/5147291433/render.png?token=exp=1787184000~hmac=4b54311003ced56a8a05586a92161bc685b9aa265b4ab674983f29188b98a08a
4RRTffX9Aa	https://pikaso.cdnpk.net/private/production/5147290544/render.png?token=exp=1787184000~hmac=17103714ad42184ae4b46ddad7768dce2ed140859ed8296e634ab8661c46df4e
hEDExiFvqL	https://pikaso.cdnpk.net/private/production/4722529024/upload.png?token=exp=1787184000~hmac=de4827caf223ee6b212aa0d0277908734969a1ee0dc77c791888fb23bda6d53e
1sCsPzor4r	https://pikaso.cdnpk.net/private/production/4722513620/upload.png?token=exp=1787184000~hmac=9a98167d558ca02f79c9d6f25e58472c349b99c9a30999c14531d9742dc0d85c
wPkyVLC7EI	https://pikaso.cdnpk.net/private/production/4722137073/upload.png?token=exp=1787184000~hmac=8f2d2ce3b0526d8f2384583b5d9e349aa043add678f5a9dfd64cee48b6e97147
5xvr3o6Kxe	https://pikaso.cdnpk.net/private/production/4722135705/upload.png?token=exp=1787184000~hmac=0145550d20753a54049cd5c25eec5f09b059f96875ab0a703ba26282723e7563
ohRngwh829	https://pikaso.cdnpk.net/private/production/4504563599/upload.png?token=exp=1787184000~hmac=aecbe60882bcdb33c4109ffd905f9e46c3562c7c8231ecc525b5370d467e58d3
3GFbNkNREY	https://pikaso.cdnpk.net/private/production/4304103913/upload.png?token=exp=1787184000~hmac=041a06ebead76927f9c645132c0ac532dee58f0b0be1ad194f8f1c42c3f7fae7
ubAntbIQLD	https://pikaso.cdnpk.net/private/production/4304065875/upload.png?token=exp=1787184000~hmac=cd146720e3eb00e74c2465ef4d15dcaffd09d16073cdf1f19319ef1b0d246759
BmxNSynoQR	https://pikaso.cdnpk.net/private/production/4040330939/render.png?token=exp=1787184000~hmac=1e414e28583a7855615589f5c8475601811afcba472d0ac1653a7d29c22b6888
iA85aoT3uK	https://pikaso.cdnpk.net/private/production/4040330369/render.png?token=exp=1787184000~hmac=12df5b2a234b3edb2748655ea7066ddcbbd2dbceaafbab9f114e12ba5b7b803e
iAod50H3uK	https://pikaso.cdnpk.net/private/production/4009101815/upload.png?token=exp=1787184000~hmac=3911c55b8cfa4a72dbc9b45779445dabc3f6cc7fa0065ef9232d30c1c61e263a
1sR6OZ3r4r	https://pikaso.cdnpk.net/private/production/4008934252/upload.png?token=exp=1787184000~hmac=5f95a7ff38b9314b00799e192bd6a51c3407a18b343cd9c5199095ec8f422e73
UycnP6Gwny	https://pikaso.cdnpk.net/private/production/4008887839/upload.png?token=exp=1787184000~hmac=5bc91677883a56e10a90c961d1c960d82ebc25b8d62bc5b6276bbc7863ccb1d9
rlRYSS9xtc	https://pikaso.cdnpk.net/private/production/3988617459/upload.png?token=exp=1787184000~hmac=89d848d312e290b735096ddc0cd002d4a6bd90f03fbd52af10f224b99ff8816f
S7FJdHwUb8	https://pikaso.cdnpk.net/private/production/2131849302/upload.png?token=exp=1787184000~hmac=036b646aff10ae63c391326f706786463c0c947f311076ae3ae79cf2b9fa333c
lUEYkWfgv9	https://pikaso.cdnpk.net/private/production/2119671907/upload.png?token=exp=1787184000~hmac=3ab3cae6e7e38940187514bc826ea9152a7438bc0c059a3f31dd4b6a71f465ae
gwoOE75SXO	https://pikaso.cdnpk.net/private/production/1924204571/upload.png?token=exp=1787184000~hmac=3fb359ec1499fbde514e10c267be003eb3b413ea8f55f8d855f7ed3d0986d838
